variable,value
wage,1.000000153065175
interest_rate,0.04000007035805429
